Fundas internas;Equipamientos;Pistoleras
Fundas internas;Equipamientos;Pistoleras
Fundas internas;Equipamientos;Pistoleras
Porta Esposas;Equipamientos
Porta cargadores;Equipamientos;Porta elementos
Porta cargadores;Equipamientos;Porta elementos
Porta cargadores;Equipamientos;Porta elementos
Chalecos de transporte;Equipamientos
Cordones Edecán;Atributos
Pistoleras;Equipamientos
Pistoleras;Equipamientos
Pistoleras;Equipamientos
Musleras;Equipamientos;Pistoleras
Bordados Oro;Atributos
Barbijos;Atributos
Oficial;Atributos;Hombreras;Charreteras;Paletas;Caponas
Barbijos;Atributos
Oficial;Atributos;Hombreras;Charreteras;Paletas;Caponas
Bordados Oro;Atributos
Carpas;Camping;maniobras o campamentos
Mochilas;Equipamientos;Mochilas;Bolsos;Riñoneras;Morrales
Cuchillos;Accesorios
Cuchillos;Accesorios
Bastón;Equipamientos;Bastones y portabastones
Porta elementos;Equipamientos
Porta elementos;Productos
Musleras;Equipamientos;Pistoleras
Musleras;Equipamientos;Pistoleras
Cinturones;correas y tirantes;Equipamientos
Porta Esposas;Equipamientos
Bordados Oro;Atributos
Policía Suboficial;Atributos;Insignias / Jeraquías
Escudos de Gorra o Boina;Atributos
Escudos de Brazo;Atributos
Policía de Seguridad Aeroportuaria;Atributos;Insignias / Jeraquías
Porta tonfa;Equipamientos;Bastones y portabastones
Porta credencial;Equipamientos;Porta elementos
Porta credencial;Equipamientos;Porta elementos
Porta cargadores;Equipamientos;Porta elementos
Porta cargadores;Equipamientos;Porta elementos
Cuchillos;Accesorios
Cuchillos;Accesorios
Pistoleras;Equipamientos
Relojes;Accesorios
Escudos de Brazo;Atributos
Escudos de Brazo;Atributos
Escudos de Gorra o Boina;Atributos
Escudos de Brazo;Atributos
Escudos de Gorra o Boina;Atributos
Escudos de Brazo;Atributos
Escudos de Brazo;Atributos
Escudos de Brazo;Atributos
Escudos de Gorra o Boina;Atributos
Escudos de Gorra o Boina;Atributos
Escudos de Gorra o Boina;Atributos
Escudos de Gorra o Boina;Atributos
Escudos de Gorra o Boina;Atributos
Escudos de Gorra o Boina;Atributos
Escudos de Brazo;Atributos
Escudos de Brazo;Atributos
Escudos de Brazo;Atributos
Escudos de Brazo;Atributos
Escudos de Brazo;Atributos
Escudos de Gorra o Boina;Atributos
Escudos de Gorra o Boina;Atributos
Silbatos;Accesorios
Anteojos;Accesorios
Gorras comunes;Accesorios;Gorras;Casquetes;Quepis;Boinas
Gorras comunes;Accesorios;Gorras;Casquetes;Quepis;Boinas
Escudos de Brazo;Atributos
Escudos de Brazo;Atributos
Escudos de Brazo;Atributos
Escudos de Brazo;Atributos
Escudos de Brazo;Atributos
Escudos de Brazo;Atributos
Escudos de Brazo;Atributos
Escudos de Brazo;Atributos
Escudos de Brazo;Atributos
Escudos de Brazo;Atributos
Escudos de Brazo;Atributos
Escudos de Brazo;Atributos
Escudos de Brazo;Atributos
Escudos de Brazo;Atributos
Escudos de Brazo;Atributos
Pistoleras;Equipamientos
Escudos de Brazo;Atributos
Escudos de Brazo;Atributos
Escudos de Brazo;Atributos
Escudos de Brazo;Atributos
Escudos de Brazo;Atributos
Escudos de Brazo;Atributos
Escudos de Brazo;Atributos
Escudos de Brazo;Atributos
Escudos de Brazo;Atributos
Escudos de Brazo;Atributos
Escudos de Brazo;Atributos
Policía Suboficial;Atributos;Insignias / Jeraquías
Escudos de Brazo;Atributos
Policía Oficial;Atributos;Insignias / Jeraquías
Policía Oficial;Atributos;Insignias / Jeraquías
Policía Suboficial;Atributos;Insignias / Jeraquías
Policía Suboficial;Atributos;Insignias / Jeraquías
Pectorales;Atributos
Pectorales;Atributos
Policía - Auxiliar;Atributos;Insignias / Jeraquías
Policía Oficial;Atributos;Insignias / Jeraquías
Policía Oficial;Atributos;Insignias / Jeraquías
Policía Oficial;Atributos;Insignias / Jeraquías
Policía Oficial;Atributos;Insignias / Jeraquías
Policía Oficial;Atributos;Insignias / Jeraquías
Policía Oficial;Atributos;Insignias / Jeraquías
Policía Oficial;Atributos;Insignias / Jeraquías
Pectorales;Atributos
Pectorales;Atributos
Policía - Auxiliar;Atributos;Insignias / Jeraquías
Policía - Auxiliar;Atributos;Insignias / Jeraquías
Policía - Auxiliar;Atributos;Insignias / Jeraquías
Policía - Auxiliar;Atributos;Insignias / Jeraquías
Banderas;Atributos
Banderas;Atributos
Banderas;Atributos
Banderas;Atributos
Pectorales;Atributos
Penitenciaría Suboficial;Atributos;Insignias / Jeraquías
Penitenciaría Suboficial;Atributos;Insignias / Jeraquías
Liceo Militar;Atributos;Insignias / Jeraquías
Auxiliar;Atributos;Hombreras;Charreteras;Paletas;Caponas
Atributos;Hombreras;Charreteras;Paletas;Caponas;Auxiliar
Oficial;Atributos;Hombreras;Charreteras;Paletas;Caponas
Lisas;Liceo;Varias;Atributos;Hombreras;Charreteras;Paletas;Caponas
Oficial;Atributos;Hombreras;Charreteras;Paletas;Caponas
Oficial;Atributos;Hombreras;Charreteras;Paletas;Caponas
Oficial;Atributos;Hombreras;Charreteras;Paletas;Caponas
Oficial;Atributos;Hombreras;Charreteras;Paletas;Caponas
Oficial;Atributos;Hombreras;Charreteras;Paletas;Caponas
Oficial;Atributos;Hombreras;Charreteras;Paletas;Caponas
Suboficial;Atributos;Hombreras;Charreteras;Paletas;Caponas
Penitenciaría;Atributos;Hombreras;Charreteras;Paletas;Caponas
Pistoleras;Equipamientos
Pistoleras;Equipamientos
Pistoleras;Equipamientos
Musleras;Equipamientos;Pistoleras
Musleras;Equipamientos;Pistoleras
Musleras;Equipamientos;Pistoleras
Porta cargadores;Equipamientos;Porta elementos
Pistoleras;Equipamientos
Pistoleras;Equipamientos
Pistoleras;Equipamientos
Pistoleras;Equipamientos
Porta elementos;Equipamientos;Pistoleras;Musleras
Esposas;Equipamientos
Linternas;Accesorios
Bufandas;Accesorios
Linternas;Accesorios
Esposas;Equipamientos
Porta Esposas;Equipamientos
Porta linternas;Equipamientos;Porta elementos
Porta tonfa;Equipamientos;Bastones y portabastones
Cinturones;correas y tirantes;Equipamientos
Camping;maniobras o campamentos;Productos
Cananas (para balas o cartuchos);Equipamientos
Cinturones;correas y tirantes;Equipamientos
Pistoleras;Equipamientos
Pistoleras;Equipamientos
Pouch;Equipamientos
Cinturones;correas y tirantes;Equipamientos
Pistoleras;Equipamientos
Pistoleras;Equipamientos
Porta Esposas;Equipamientos
Porta Esposas;Equipamientos
Porta Esposas;Equipamientos
Pistoleras;Equipamientos
Pistoleras;Equipamientos
Sables;Equipamientos
Linternas;Accesorios
Para armas;Accesorios
Para armas;Accesorios
Linternas;Accesorios
Chalecos de transporte;Equipamientos
Rabizas;Equipamientos
Tonfa;Equipamientos;Bastones y portabastones;Porta tonfa
Para armas;Accesorios
Cinturones;correas y tirantes;Equipamientos
Cuchillos;Accesorios
Chaquetillas Uniforme de Salida;Indumentaria militar
Pectorales;Atributos;Metálicos
Pectorales;Atributos;Metálicos
Pectorales;Atributos;Metálicos
Pectorales;Atributos;Metálicos
Varios;Atributos;Metálicos
Emblemas;Atributos;Metálicos
Emblemas;Atributos;Metálicos
Corbatas;Accesorios
Varios;Atributos;Metálicos
Varios;Atributos;Metálicos
Varios;Atributos;Metálicos
Emblemas;Atributos;Metálicos
Varios;Atributos;Metálicos
Varios;Atributos;Metálicos
Varios;Atributos;Metálicos
Emblemas;Atributos;Metálicos
Varios;Atributos;Metálicos
Varios;Atributos;Metálicos
Varios;Atributos;Metálicos
Varios;Atributos
Varios;Atributos;Metálicos
Varios;Atributos;Metálicos
Hebillas;Atributos;Metálicos
Varios;Atributos;Metálicos
Varios;Atributos;Metálicos
Hebillas;Atributos;Metálicos
Porta handy;Equipamientos;Porta elementos
Rodilleras antitumulto;Equipamientos;Protectores antitumulto
Varios;Atributos;Metálicos
Varios;Atributos;Metálicos
Varios;Atributos;Metálicos
Varios;Atributos;Metálicos
Pectorales;Atributos;Metálicos
Pectorales;Atributos;Metálicos
Pasamontañas;Accesorios;Capuchas
Máscaras térmicas;Accesorios;Capuchas
Capuchas;Accesorios
Anteojos;Accesorios
Cordones para borceguíes;Calzado;Accesorios de Calzado
Guantes;Accesorios
Cuchillos;Accesorios
Cuchillos;Accesorios
Accesorios de Calzado;Calzado
Cuchillos;Accesorios
Riñoneras;Equipamientos;Mochilas;Bolsos;Riñoneras;Morrales
Riñoneras;Equipamientos;Mochilas;Bolsos;Riñoneras;Morrales
Porta elementos;Equipamientos;Pistoleras;Musleras
Musleras;Equipamientos;Porta elementos;Pistoleras
Bolsos tácticos;Equipamientos;Mochilas;Bolsos;Riñoneras;Morrales;Mochilas
Porta elementos;Equipamientos;Pistoleras;Musleras
Morrales;Equipamientos;Mochilas;Bolsos;Riñoneras;Morrales
Bolsas de mano - Maletines;Equipamientos;Mochilas;Bolsos;Riñoneras;Morrales
Mochilas;Bolsos;Riñoneras;Morrales;Equipamientos
Mochilas;Equipamientos;Mochilas;Bolsos;Riñoneras;Morrales
Mochilas;Equipamientos;Mochilas;Bolsos;Riñoneras;Morrales
Morrales;Equipamientos;Mochilas;Bolsos;Riñoneras;Morrales
Relojes;Accesorios
Anteojos;Accesorios
Anteojos;Accesorios
Cinturones;correas y tirantes;Equipamientos
Porta Esposas;Equipamientos
Cinturones;correas y tirantes;Equipamientos
Cinturones;correas y tirantes;Equipamientos
Porta Esposas;Equipamientos
Chalecos de transporte;Equipamientos
Capuchas;Accesorios
Dragonas;Equipamientos;Sables
Sobaqueras;Equipamientos;Pistoleras
Penitenciaría Oficial;Atributos;Insignias / Jeraquías
Escudos de Brazo;Atributos
Accesorios;Capuchas
Pectorales;Atributos
Riñoneras;Equipamientos;Mochilas;Bolsos;Riñoneras;Morrales
Escudos de Brazo;Atributos
Musleras;Equipamientos;Pistoleras
Casquetes;Quepis;Accesorios;Gorras;Casquetes;Quepis;Boinas
Musleras;Equipamientos;Pistoleras
Casquetes;Quepis;Accesorios;Gorras;Casquetes;Quepis;Boinas
Cuchillos;Accesorios
Mochilas;Equipamientos;Mochilas;Bolsos;Riñoneras;Morrales
Porta cargadores;Equipamientos;Porta elementos
Porta cargadores;Equipamientos;Porta elementos
Casquetes;Quepis;Accesorios;Gorras;Casquetes;Quepis;Boinas
Banderas;Atributos
Banderas;Atributos
Banderas;Atributos
Escudos de Brazo;Atributos
Pectorales;Atributos
Pectorales;Atributos
Suboficial;Atributos;Hombreras;Charreteras;Paletas;Caponas
Chalecos de transporte;Equipamientos
Porta Esposas;Equipamientos
Gases pimienta;Accesorios
Gases pimienta;Accesorios
Pistoleras;Equipamientos
Linternas;Accesorios
Gorras comunes;Accesorios;Gorras;Casquetes;Quepis;Boinas
Atributos;Hombreras;Charreteras;Paletas;Caponas;Auxiliar
Penitenciaría;Atributos;Hombreras;Charreteras;Paletas;Caponas
Penitenciaría;Atributos;Hombreras;Charreteras;Paletas;Caponas
Penitenciaría;Atributos;Hombreras;Charreteras;Paletas;Caponas
Policía de Seguridad Aeroportuaria;Atributos;Insignias / Jeraquías
Policía de Seguridad Aeroportuaria;Atributos;Insignias / Jeraquías
Policía de Seguridad Aeroportuaria;Atributos;Insignias / Jeraquías
Policía de Seguridad Aeroportuaria;Atributos;Insignias / Jeraquías
Policía de Seguridad Aeroportuaria;Atributos;Insignias / Jeraquías
Cuchillos;Accesorios
Varios;Atributos;Metálicos
Hebillas;Atributos;Metálicos
Porta cargadores;Equipamientos;Porta elementos
Musleras;Equipamientos;Pistoleras
Cuchillos;Accesorios
Mochilas;Equipamientos;Mochilas;Bolsos;Riñoneras;Morrales
Varios;Atributos;Metálicos
Varios;Atributos;Metálicos
Hebillas;Atributos;Metálicos
Cinturones;correas y tirantes;Equipamientos
Cinturones;correas y tirantes;Equipamientos
Suboficial;Atributos;Hombreras;Charreteras;Paletas;Caponas
Musleras;Equipamientos;Pistoleras
Suboficial;Atributos;Hombreras;Charreteras;Paletas;Caponas
Suboficial;Atributos;Hombreras;Charreteras;Paletas;Caponas
Suboficial;Atributos;Hombreras;Charreteras;Paletas;Caponas
Suboficial;Atributos;Hombreras;Charreteras;Paletas;Caponas
Varios;Atributos;Metálicos
Pistoleras;Equipamientos
Porta cargadores;Equipamientos;Porta elementos
Policía Suboficial;Atributos;Insignias / Jeraquías
Pistoleras;Equipamientos
Morrales;Equipamientos;Mochilas;Bolsos;Riñoneras;Morrales
Linternas;Accesorios
Linternas;Accesorios
Linternas;Accesorios
Linternas;Accesorios
Gorras Plato y Viseras;Accesorios;Gorras;Casquetes;Quepis;Boinas;Bordados Oro
Gorras Plato y Viseras;Accesorios;Gorras;Casquetes;Quepis;Boinas;Bordados Oro
Accesorios;Productos
Accesorios;Productos
Cinturones;correas y tirantes;Equipamientos
Tonfa;Equipamientos;Bastones y portabastones
Fundas Balísticas o Porta placas;Equipamientos
Lisas;Liceo;Varias;Atributos;Hombreras;Charreteras;Paletas;Caponas
Pistoleras;Equipamientos
Policía - Auxiliar;Atributos;Insignias / Jeraquías
Emblemas;Atributos;Metálicos
Emblemas;Atributos;Metálicos
Emblemas;Atributos;Metálicos
Linternas;Accesorios
Linternas;Accesorios
Emblemas;Atributos;Metálicos
Auxiliar;Atributos;Hombreras;Charreteras;Paletas;Caponas
Barbijos;Atributos
Cordones Edecán;Atributos
Cordones Edecán;Atributos
Casquetes;Quepis;Accesorios;Gorras;Casquetes;Quepis;Boinas
Pistoleras;Equipamientos
Brújulas;Accesorios
Gases pimienta;Accesorios
Gases pimienta;Accesorios
Gorras comunes;Accesorios;Gorras;Casquetes;Quepis;Boinas
Riñoneras;Equipamientos;Mochilas;Bolsos;Riñoneras;Morrales
Riñoneras;Equipamientos;Mochilas;Bolsos;Riñoneras;Morrales
Linternas;Accesorios
Escudos de Gorra o Boina;Atributos
Linternas;Accesorios
Linternas;Accesorios
Linternas;Accesorios
Linternas;Accesorios
Linternas;Accesorios
Penitenciaría Oficial;Atributos;Insignias / Jeraquías
Penitenciaría Oficial;Atributos;Insignias / Jeraquías
Penitenciaría Oficial;Atributos;Insignias / Jeraquías
Penitenciaría Suboficial;Atributos;Insignias / Jeraquías
Penitenciaría Suboficial;Atributos;Insignias / Jeraquías
Penitenciaría Suboficial;Atributos;Insignias / Jeraquías
Penitenciaría Suboficial;Atributos;Insignias / Jeraquías
Penitenciaría Suboficial;Atributos;Insignias / Jeraquías
Penitenciaría Suboficial;Atributos;Insignias / Jeraquías
Penitenciaría Suboficial;Atributos;Insignias / Jeraquías
Penitenciaría Suboficial;Atributos;Insignias / Jeraquías
Penitenciaría Suboficial;Atributos;Insignias / Jeraquías
Penitenciaría Suboficial;Atributos;Insignias / Jeraquías
Binoculares;Accesorios
Emblemas;Atributos;Metálicos
Policía Suboficial;Atributos;Insignias / Jeraquías
Policía Suboficial;Atributos;Insignias / Jeraquías
Policía Suboficial;Atributos;Insignias / Jeraquías
Policía Suboficial;Atributos;Insignias / Jeraquías
Policía Suboficial;Atributos;Insignias / Jeraquías
Policía Suboficial;Atributos;Insignias / Jeraquías
Pectorales;Atributos
Pectorales;Atributos
Policía Suboficial;Atributos;Insignias / Jeraquías
Policía Suboficial;Atributos;Insignias / Jeraquías
Policía Suboficial;Atributos;Insignias / Jeraquías
Policía Suboficial;Atributos;Insignias / Jeraquías
Policía Suboficial;Atributos;Insignias / Jeraquías
Policía Suboficial;Atributos;Insignias / Jeraquías
Carpas;Camping;maniobras o campamentos
Carpas;Camping;maniobras o campamentos
Carpas;Camping;maniobras o campamentos
Carpas;Camping;maniobras o campamentos
Carpas;Camping;maniobras o campamentos
Porta cargadores;Equipamientos;Porta elementos
Llaves para esposas;Equipamientos;Esposas
Varios;Atributos;Metálicos
Pistoleras;Equipamientos
Musleras;Equipamientos;Pistoleras
Pistoleras;Equipamientos
Mochilas;Equipamientos;Mochilas;Bolsos;Riñoneras;Morrales
Capuchas;Accesorios
Corbatas;Accesorios
Corbatas;Accesorios
Musleras;Equipamientos;Pistoleras
Musleras;Equipamientos;Pistoleras
Gorras comunes;Accesorios;Gorras;Casquetes;Quepis;Boinas
Gorras comunes;Accesorios;Gorras;Casquetes;Quepis;Boinas
Gorras comunes;Accesorios;Gorras;Casquetes;Quepis;Boinas
Musleras;Equipamientos;Pistoleras
Pistoleras;Equipamientos
Gorras comunes;Accesorios;Gorras;Casquetes;Quepis;Boinas
Hebillas;Atributos;Metálicos
Cinturones;correas y tirantes;Equipamientos
Gorras comunes;Accesorios;Gorras;Casquetes;Quepis;Boinas
Gorras comunes;Accesorios;Gorras;Casquetes;Quepis;Boinas
Cuchillos;Accesorios
Bufandas;Accesorios
Bufandas;Accesorios
Linternas;Accesorios
Miras;Equipamientos
Linternas;Accesorios
Linternas;Accesorios
Linternas;Accesorios
Linternas;Accesorios
Cinturones;correas y tirantes;Equipamientos
Porta handy;Equipamientos;Porta elementos
Mochilas;Equipamientos;Mochilas;Bolsos;Riñoneras;Morrales
Mochilas;Equipamientos;Mochilas;Bolsos;Riñoneras;Morrales
Mochilas;Equipamientos;Mochilas;Bolsos;Riñoneras;Morrales
Mochilas;Equipamientos;Mochilas;Bolsos;Riñoneras;Morrales
Musleras;Equipamientos;Porta elementos;Pistoleras
Musleras;Equipamientos;Porta elementos;Pistoleras
Musleras;Equipamientos;Porta elementos;Pistoleras
Musleras;Equipamientos;Porta elementos;Pistoleras
Pistoleras;Equipamientos
Cinturones;correas y tirantes;Equipamientos
Pistoleras;Equipamientos
Cuchillos;Accesorios
Cuchillos;Accesorios
Cuchillos;Accesorios
Cuchillos;Accesorios
Cuchillos;Accesorios
Camping;maniobras o campamentos;Productos
Musleras;Equipamientos;Pistoleras
Cuchillos;Accesorios
Camping;maniobras o campamentos;Productos
Liceo Militar;Atributos;Insignias / Jeraquías
Liceo Militar;Atributos;Insignias / Jeraquías
Liceo Militar;Atributos;Insignias / Jeraquías
Liceo Militar;Atributos;Insignias / Jeraquías
Liceo Militar;Atributos;Insignias / Jeraquías
Relojes;Accesorios
Relojes;Accesorios
Bastón;Equipamientos;Bastones y portabastones
Relojes;Accesorios
Rodilleras antitumulto;Equipamientos;Protectores antitumulto
Linternas;Accesorios
Linternas;Accesorios
Linternas;Accesorios
Linternas;Accesorios
Linternas;Accesorios
Cuchillos;Accesorios
Linternas;Accesorios
Linternas;Accesorios
Cuchillos;Accesorios
Pouch;Equipamientos
Morrales;Equipamientos;Mochilas;Bolsos;Riñoneras;Morrales
Rabizas;Equipamientos
Silbatos;Accesorios
Cuchillos;Accesorios
Morrales;Equipamientos;Mochilas;Bolsos;Riñoneras;Morrales
Pistoleras;Equipamientos
Linternas;Accesorios
Pistoleras;Equipamientos
Pistoleras;Equipamientos
Pistoleras;Equipamientos
Pistoleras;Equipamientos
Pistoleras;Equipamientos
Pistoleras;Equipamientos
Musleras;Equipamientos;Pistoleras
Pistoleras;Equipamientos
Pistoleras;Equipamientos
Pistoleras;Equipamientos
Pistoleras;Equipamientos
Porta bastón;Equipamientos;Bastones y portabastones
Porta bastón;Equipamientos;Bastones y portabastones
Porta bastón;Equipamientos;Bastones y portabastones
Cinturones;correas y tirantes;Equipamientos
Acrílicos;Atributos;Insignias / Jeraquías
Acrílicos;Atributos;Insignias / Jeraquías
Acrílicos;Atributos;Insignias / Jeraquías
Acrílicos;Atributos;Insignias / Jeraquías
Acrílicos;Atributos;Insignias / Jeraquías
Acrílicos;Atributos;Insignias / Jeraquías
Acrílicos;Atributos;Insignias / Jeraquías
Acrílicos;Atributos;Insignias / Jeraquías
Rabizas;Equipamientos
Porta cargadores;Equipamientos;Porta elementos
Fundas Balísticas o Porta placas;Equipamientos
Pectorales;Atributos
Acrílicos;Atributos;Insignias / Jeraquías
Emblemas;Atributos;Metálicos
Acrílicos;Atributos;Insignias / Jeraquías
Lisas;Liceo;Varias;Atributos;Hombreras;Charreteras;Paletas;Caponas
Lisas;Liceo;Varias;Atributos;Hombreras;Charreteras;Paletas;Caponas
Lisas;Liceo;Varias;Atributos;Hombreras;Charreteras;Paletas;Caponas
Lisas;Liceo;Varias;Atributos;Hombreras;Charreteras;Paletas;Caponas
Lisas;Liceo;Varias;Atributos;Hombreras;Charreteras;Paletas;Caponas
Lisas;Liceo;Varias;Atributos;Hombreras;Charreteras;Paletas;Caponas
